A,C,G,T
0.0,0.0,0.0,1.0
0.0,0.0,1.0,0.0
0.0,0.0,0.0,1.0
0.0,0.0,0.5321354746382573,0.4678645253617427
0.0,0.5321354746382573,0.0,0.4678645253617427
0.4678645253617427,0.0,0.0,0.5321354746382573
0.4678645253617427,0.0,0.5321354746382573,0.0
0.0,0.0,0.0,1.0
0.0,0.0,0.0,1.0
0.0,0.0,0.0,1.0
0.0,0.0,1.0,0.0
0.0,0.0,0.0,1.0
0.0,0.0,0.4678645253617427,0.5321354746382573
0.0,0.5321354746382573,0.4678645253617427,0.0
0.0,0.0,0.0,1.0
0.0,0.0,1.0,0.0
1.0,0.0,0.0,0.0
0.0,0.0,0.0,1.0
0.0,0.0,0.4678645253617427,0.5321354746382573
1.0,0.0,0.0,0.0
0.4678645253617427,0.0,0.0,0.5321354746382573
0.0,0.0,1.0,0.0
0.0,1.0,0.0,0.0
0.0,0.0,0.0,1.0
0.0,0.0,0.0,1.0
0.0,1.0,0.0,0.0
0.0,0.0,0.0,1.0
0.0,0.0,1.0,0.0
0.0,0.0,1.0,0.0
0.0,0.0,0.0,1.0
0.0,0.0,0.0,1.0
0.5321354746382573,0.0,0.4678645253617427,0.0
0.0,0.0,0.0,1.0
0.0,1.0,0.0,0.0
1.0,0.0,0.0,0.0
0.0,0.0,0.0,1.0
0.0,0.0,0.0,1.0
1.0,0.0,0.0,0.0
0.0,0.0,0.0,1.0
0.0,0.0,1.0,0.0
0.0,0.0,1.0,0.0
0.16564371654211058,0.14991372355023175,0.09796646702355082,0.5864760928841068
0.0,0.0,1.0,0.0
0.0,0.0,0.0,1.0
0.20974069951649854,0.1960342278993893,0.33192699775622336,0.2622980748278888
0.0,0.4678645253617427,0.0,0.5321354746382573
0.0,0.0,0.5321354746382573,0.4678645253617427
0.024676831386960182,0.15371224301101866,0.593892922975448,0.22771800262657316
0.7439185408973928,0.0,0.0,0.25608145910260716
0.0,0.7239448066288582,0.27605519337114187,0.0
0.3131134314470298,0.2622226933564189,0.18312279523918895,0.24154107995736235
0.0,0.0,0.0,1.0
0.0,0.0,1.0,0.0
0.0,0.5228235072407437,0.0,0.47717649275925633
0.23062490062013039,0.19205667744386143,0.25811558099680215,0.31920284093920603
0.23919836516433748,0.18568694310465658,0.26154190444220654,0.3135727872887994
0.004492264565408149,0.4636596526563135,0.5255878871398032,0.006260195638475174
0.22986755239895643,0.19053844749503837,0.25653139226044297,0.32306260784556223
0.2263752701660159,0.19851710511592846,0.25830167900449347,0.3168059457135622
0.00021672173047590444,0.46799173159484814,0.5213229448242964,0.010468601850379558
0.0,0.0,0.0,1.0
0.0,0.0,1.0,0.0
0.0,0.4993198000035335,0.0,0.5006801999964665
0.2051860096700294,0.18945366100716712,0.2683026801646614,0.33705764915814207
0.20285742890290512,0.189192181528006,0.30068373350294164,0.3072666560661472
0.010502759079639348,0.4166227922946002,0.5727048403149532,0.00016960831080722956
0.19777506875614684,0.19337703103007603,0.2943328445316043,0.31451505568217286
0.19556191586721083,0.18758679175279588,0.3077790145050441,0.30907227787494923
0.00013780675253087402,0.27953451941367347,0.7098955848836593,0.010432088950136335
0.0,0.0,0.0,1.0
0.0,0.0,0.0,1.0
0.0,1.0,0.0,0.0
0.0,0.0,0.0,1.0
0.0,0.0,0.0,1.0
0.0,1.0,0.0,0.0
1.0,0.0,0.0,0.0
1.0,0.0,0.0,0.0
0.0,0.0,1.0,0.0
1.0,0.0,0.0,0.0
0.0,0.0,1.0,0.0
1.0,0.0,0.0,0.0
0.0,0.0,0.4678645253617427,0.5321354746382573
0.0,1.0,0.0,0.0
0.0,0.0,0.0,1.0
0.5321354746382573,0.0,0.4678645253617427,0.0
0.0,0.0,0.0,1.0
0.0,0.0,0.0,1.0
0.0,0.5321354746382573,0.4678645253617427,0.0
1.0,0.0,0.0,0.0
1.0,0.0,0.0,0.0
0.0,0.0,1.0,0.0
0.0,0.0,1.0,0.0
0.0,0.0,0.0,1.0
0.0,1.0,0.0,0.0
1.0,0.0,0.0,0.0
0.4678645253617427,0.0,0.0,0.5321354746382573
0.5321354746382573,0.4678645253617427,0.0,0.0
1.0,0.0,0.0,0.0
0.0,0.0,0.0,1.0
0.4678645253617427,0.0,0.5321354746382573,0.0
1.0,0.0,0.0,0.0
0.0,0.0,0.0,1.0
0.0,0.0,0.0,1.0
1.0,0.0,0.0,0.0
0.0,0.0,0.0,1.0
0.5321354746382573,0.0,0.0,0.4678645253617427
0.0,0.0,0.0,1.0
0.4678645253617427,0.0,0.5321354746382573,0.0
0.0,0.0,0.0,1.0
0.0,0.0,1.0,0.0
0.0,0.0,0.0,1.0
0.0,0.5321354746382573,0.4678645253617427,0.0
0.0,1.0,0.0,0.0
0.5321354746382573,0.0,0.0,0.4678645253617427
0.0,0.0,1.0,0.0
0.0,0.5321354746382573,0.4678645253617427,0.0
0.0,0.0,0.0,1.0
